{
  "Матеріал": {
    "columns": [
      "Категорія",
      "Hb (твердість по Брюнелю)",
      "ДСТУ",
      "Матеріал",
      "Номер"
    ],
    "values": [
      {
        "Категорія": "Сталі",
        "Hb (твердість по Брюнелю)": "12",
        "ДСТУ": "",
        "Матеріал": "Сталь35",
        "Номер": "12"
      },
      {
        "Категорія": "Сталі",
        "Hb (твердість по Брюнелю)": "",
        "ДСТУ": "",
        "Матеріал": "Сталь34",
        "Номер": "12"
      },
      {
        "Категорія": "Сталі",
        "Hb (твердість по Брюнелю)": "",
        "ДСТУ": "",
        "Матеріал": "Сталь15",
        "Номер": "12"
      },
      {
        "Категорія": "Латунь",
        "Hb (твердість по Брюнелю)": "",
        "ДСТУ": "",
        "Матеріал": "Латунь 12",
        "Номер": "13"
      }
    ]
  }
}