{
  "МОР": {
    "columns": [
      "Назва речовини",
      "Порядковий номер"
    ],
    "values": [
      {
        "Назва речовини": "h1",
        "Порядковий номер": "1"
      },
      {
        "Назва речовини": "h3",
        "Порядковий номер": "3"
      },
      {
        "Назва речовини": "h4",
        "Порядковий номер": "4"
      }
    ],
    "": ""
  }
}