{
  "Переходи": {
    "columns": [
      "Код операції",
      "Назва операції",
      "Назва переходу"
    ],
    "values": [
      {
        "Код операції": "12",
        "Назва операції": "Допоміжна",
        "Назва переходу": "Встановити заготовку на верстаті закріпити і зняти після оброблення"
      },
      {
        "Код операції": "15",
        "Назва операції": "Допоміжна",
        "Назва переходу": "Перевстановити і закріпити"
      },
      {
        "Код операції": "16",
        "Назва операції": "Заготівельна",
        "Назва переходу": "Відрізати заготовку діаметром <D> мм та довжиною <L> мм"
      },
      {
        "Код операції": "22",
        "Назва операції": "Заготівельна",
        "Назва переходу": "Відрізати заготовку розміром <B>x<H> мм"
      },
      {
        "Код операції": "13",
        "Назва операції": "Контрольна",
        "Назва переходу": "Контролювати розміри згідно кресленика та ТУ"
      },
      {
        "Код операції": "17",
        "Назва операції": "Контрольна",
        "Назва переходу": "Підготовити та надати протокол вимірювань"
      },
      {
        "Код операції": "24",
        "Назва операції": "Свердлувальна",
        "Назва переходу": "Свердлувати отвір, <E>,\nдіаметром <D> мм,\nна глибину <L> мм, витримуючи розмір <X> мм, відносно розміру <Y> мм"
      },
      {
        "Код операції": "18",
        "Назва операції": "Свердлувальна",
        "Назва переходу": "Свердлувати отвір <E>, діаметром <D> мм на прохід"
      },
      {
        "Код операції": "19",
        "Назва операції": "Допоміжна",
        "Назва переходу": "Встановити заготовку в трьохкулачковому патроні"
      },
      {
        "Код операції": "13",
        "Назва операції": "Допоміжна",
        "Назва переходу": "Контролювати розміри згідно кресленика та ТУ"
      },
      {
        "Код операції": "",
        "Назва операції": "",
        "Назва переходу": ""
      },
      {
        "Код операції": "",
        "Назва операції": "",
        "Назва переходу": ""
      }
    ],
    "keyword": {
      "table": "Операції",
      "primary_key": "Назва операції",
      "target_column": "Код операції"
    }
  }
}