{
  "Пристрої": {
    "columns": [
      "Ім'я пристрою",
      "Порядковий номер"
    ],
    "values": [
      {
        "Ім'я пристрою": "device 1",
        "Порядковий номер": "1"
      },
      {
        "Ім'я пристрою": "device 2",
        "Порядковий номер": "2"
      },
      {
        "Ім'я пристрою": "device 3",
        "Порядковий номер": "3"
      },
      {
        "Ім'я пристрою": "device 4",
        "Порядковий номер": "4"
      }
    ],
    "": ""
  }
}