{
  "Інструменти": {
    "columns": [
      "Назва інструменту",
      "Код операції"
    ],
    "values": [
      {
        "Назва інструменту": "інструмент 1",
        "Код операції": "12"
      },
      {
        "Назва інструменту": "інструмент 3",
        "Код операції": "12"
      },
      {
        "Назва інструменту": "інструмент 2",
        "Код операції": "13"
      },
      {
        "Назва інструменту": "штіекгьуте 4",
        "Код операції": "14"
      }
    ],
    "keyword": {
      "table": "Операції",
      "primary_key": "Назва операції",
      "target_column": "Назва операції"
    }
  }
}